[
  {
    "id": 1,
    "iso_code": "TR",
    "name": "Türkiye"
  },
  {
    "id": 2,
    "iso_code": "AF",
    "name": "Afganistan"
  },
  {
    "id": 3,
    "iso_code": "AX",
    "name": "Aland Adaları"
  },
  {
    "id": 4,
    "iso_code": "DE",
    "name": "Almanya"
  },
  {
    "id": 5,
    "iso_code": "US",
    "name": "Amerika Birleşik Devletleri"
  },
  {
    "id": 6,
    "iso_code": "UM",
    "name": "Amerika Birleşik Devletleri Küçük Dış Adaları"
  },
  {
    "id": 7,
    "iso_code": "AS",
    "name": "Amerikan Samoası"
  },
  {
    "id": 8,
    "iso_code": "VI",
    "name": "ABD Virgin Adaları"
  },
  {
    "id": 9,
    "iso_code": "AD",
    "name": "Andorra"
  },
  {
    "id": 10,
    "iso_code": "AO",
    "name": "Angola"
  },
  {
    "id": 11,
    "iso_code": "AI",
    "name": "Anguilla"
  },
  {
    "id": 12,
    "iso_code": "AQ",
    "name": "Antarktika"
  },
  {
    "id": 13,
    "iso_code": "AG",
    "name": "Antigua ve Barbuda"
  },
  {
    "id": 14,
    "iso_code": "AR",
    "name": "Arjantin"
  },
  {
    "id": 15,
    "iso_code": "AL",
    "name": "Arnavutluk"
  },
  {
    "id": 16,
    "iso_code": "AW",
    "name": "Aruba"
  },
  {
    "id": 17,
    "iso_code": "AU",
    "name": "Avustralya"
  },
  {
    "id": 18,
    "iso_code": "AT",
    "name": "Avusturya"
  },
  {
    "id": 19,
    "iso_code": "AZ",
    "name": "Azerbaycan"
  },
  {
    "id": 20,
    "iso_code": "BS",
    "name": "Bahamalar"
  },
  {
    "id": 21,
    "iso_code": "BH",
    "name": "Bahreyn"
  },
  {
    "id": 22,
    "iso_code": "BD",
    "name": "Bangladeş"
  },
  {
    "id": 23,
    "iso_code": "BB",
    "name": "Barbados"
  },
  {
    "id": 24,
    "iso_code": "EH",
    "name": "Batı Sahara"
  },
  {
    "id": 25,
    "iso_code": "BZ",
    "name": "Belize"
  },
  {
    "id": 26,
    "iso_code": "BE",
    "name": "Belçika"
  },
  {
    "id": 27,
    "iso_code": "BJ",
    "name": "Benin"
  },
  {
    "id": 28,
    "iso_code": "BM",
    "name": "Bermuda"
  },
  {
    "id": 29,
    "iso_code": "BY",
    "name": "Beyaz Rusya"
  },
  {
    "id": 30,
    "iso_code": "BT",
    "name": "Bhutan"
  },
  {
    "id": 31,
    "iso_code": "ZZ",
    "name": "Bilinmeyen veya Geçersiz Bölge"
  },
  {
    "id": 32,
    "iso_code": "AE",
    "name": "Birleşik Arap Emirlikleri"
  },
  {
    "id": 33,
    "iso_code": "GB",
    "name": "Birleşik Krallık"
  },
  {
    "id": 34,
    "iso_code": "BO",
    "name": "Bolivya"
  },
  {
    "id": 35,
    "iso_code": "BA",
    "name": "Bosna Hersek"
  },
  {
    "id": 36,
    "iso_code": "BW",
    "name": "Botsvana"
  },
  {
    "id": 37,
    "iso_code": "BV",
    "name": "Bouvet Adası"
  },
  {
    "id": 38,
    "iso_code": "BR",
    "name": "Brezilya"
  },
  {
    "id": 39,
    "iso_code": "BN",
    "name": "Brunei"
  },
  {
    "id": 40,
    "iso_code": "BG",
    "name": "Bulgaristan"
  },
  {
    "id": 41,
    "iso_code": "BF",
    "name": "Burkina Faso"
  },
  {
    "id": 42,
    "iso_code": "BI",
    "name": "Burundi"
  },
  {
    "id": 43,
    "iso_code": "CV",
    "name": "Cape Verde"
  },
  {
    "id": 44,
    "iso_code": "KY",
    "name": "Cayman Adaları"
  },
  {
    "id": 45,
    "iso_code": "GI",
    "name": "Cebelitarık"
  },
  {
    "id": 46,
    "iso_code": "DZ",
    "name": "Cezayir"
  },
  {
    "id": 47,
    "iso_code": "CX",
    "name": "Christmas Adası"
  },
  {
    "id": 48,
    "iso_code": "DJ",
    "name": "Cibuti"
  },
  {
    "id": 49,
    "iso_code": "CC",
    "name": "Cocos Adaları"
  },
  {
    "id": 50,
    "iso_code": "CK",
    "name": "Cook Adaları"
  },
  {
    "id": 51,
    "iso_code": "DK",
    "name": "Danimarka"
  },
  {
    "id": 52,
    "iso_code": "DO",
    "name": "Dominik Cumhuriyeti"
  },
  {
    "id": 53,
    "iso_code": "DM",
    "name": "Dominika"
  },
  {
    "id": 54,
    "iso_code": "TL",
    "name": "Doğu Timor"
  },
  {
    "id": 55,
    "iso_code": "EC",
    "name": "Ekvador"
  },
  {
    "id": 56,
    "iso_code": "GQ",
    "name": "Ekvator Ginesi"
  },
  {
    "id": 57,
    "iso_code": "SV",
    "name": "El Salvador"
  },
  {
    "id": 58,
    "iso_code": "ID",
    "name": "Endonezya"
  },
  {
    "id": 59,
    "iso_code": "ER",
    "name": "Eritre"
  },
  {
    "id": 60,
    "iso_code": "AM",
    "name": "Ermenistan"
  },
  {
    "id": 61,
    "iso_code": "EE",
    "name": "Estonya"
  },
  {
    "id": 62,
    "iso_code": "ET",
    "name": "Etiyopya"
  },
  {
    "id": 63,
    "iso_code": "FK",
    "name": "Falkland Adaları"
  },
  {
    "id": 64,
    "iso_code": "FO",
    "name": "Faroe Adaları"
  },
  {
    "id": 65,
    "iso_code": "MA",
    "name": "Fas"
  },
  {
    "id": 66,
    "iso_code": "FJ",
    "name": "Fiji"
  },
  {
    "id": 67,
    "iso_code": "CI",
    "name": "Fildişi Sahili"
  },
  {
    "id": 68,
    "iso_code": "PH",
    "name": "Filipinler"
  },
  {
    "id": 69,
    "iso_code": "PS",
    "name": "Filistin Bölgesi"
  },
  {
    "id": 70,
    "iso_code": "FI",
    "name": "Finlandiya"
  },
  {
    "id": 71,
    "iso_code": "FR",
    "name": "Fransa"
  },
  {
    "id": 72,
    "iso_code": "GF",
    "name": "Fransız Guyanası"
  },
  {
    "id": 73,
    "iso_code": "TF",
    "name": "Fransız Güney Bölgeleri"
  },
  {
    "id": 74,
    "iso_code": "PF",
    "name": "Fransız Polinezyası"
  },
  {
    "id": 75,
    "iso_code": "GA",
    "name": "Gabon"
  },
  {
    "id": 76,
    "iso_code": "GM",
    "name": "Gambiya"
  },
  {
    "id": 77,
    "iso_code": "GH",
    "name": "Gana"
  },
  {
    "id": 78,
    "iso_code": "GN",
    "name": "Gine"
  },
  {
    "id": 79,
    "iso_code": "GW",
    "name": "Gine-Bissau"
  },
  {
    "id": 80,
    "iso_code": "GD",
    "name": "Grenada"
  },
  {
    "id": 81,
    "iso_code": "GL",
    "name": "Grönland"
  },
  {
    "id": 82,
    "iso_code": "GP",
    "name": "Guadeloupe"
  },
  {
    "id": 83,
    "iso_code": "GU",
    "name": "Guam"
  },
  {
    "id": 84,
    "iso_code": "GT",
    "name": "Guatemala"
  },
  {
    "id": 85,
    "iso_code": "GG",
    "name": "Guernsey"
  },
  {
    "id": 86,
    "iso_code": "GY",
    "name": "Guyana"
  },
  {
    "id": 87,
    "iso_code": "ZA",
    "name": "Güney Afrika"
  },
  {
    "id": 88,
    "iso_code": "GS",
    "name": "Güney Georgia ve Güney Sandwich Adaları"
  },
  {
    "id": 89,
    "iso_code": "KR",
    "name": "Güney Kore"
  },
  {
    "id": 90,
    "iso_code": "CY",
    "name": "Güney Kıbrıs Rum Kesimi"
  },
  {
    "id": 91,
    "iso_code": "GE",
    "name": "Gürcistan"
  },
  {
    "id": 92,
    "iso_code": "HT",
    "name": "Haiti"
  },
  {
    "id": 93,
    "iso_code": "HM",
    "name": "Heard Adası ve McDonald Adaları"
  },
  {
    "id": 94,
    "iso_code": "IN",
    "name": "Hindistan"
  },
  {
    "id": 95,
    "iso_code": "IO",
    "name": "Hint Okyanusu İngiliz Bölgesi"
  },
  {
    "id": 96,
    "iso_code": "NL",
    "name": "Hollanda"
  },
  {
    "id": 97,
    "iso_code": "AN",
    "name": "Hollanda Antilleri"
  },
  {
    "id": 98,
    "iso_code": "HN",
    "name": "Honduras"
  },
  {
    "id": 99,
    "iso_code": "HK",
    "name": "Hong Kong SAR - Çin"
  },
  {
    "id": 100,
    "iso_code": "HR",
    "name": "Hırvatistan"
  },
  {
    "id": 101,
    "iso_code": "IQ",
    "name": "Irak"
  },
  {
    "id": 102,
    "iso_code": "JM",
    "name": "Jamaika"
  },
  {
    "id": 103,
    "iso_code": "JP",
    "name": "Japonya"
  },
  {
    "id": 104,
    "iso_code": "JE",
    "name": "Jersey"
  },
  {
    "id": 105,
    "iso_code": "KH",
    "name": "Kamboçya"
  },
  {
    "id": 106,
    "iso_code": "CM",
    "name": "Kamerun"
  },
  {
    "id": 107,
    "iso_code": "CA",
    "name": "Kanada"
  },
  {
    "id": 108,
    "iso_code": "ME",
    "name": "Karadağ"
  },
  {
    "id": 109,
    "iso_code": "QA",
    "name": "Katar"
  },
  {
    "id": 110,
    "iso_code": "KZ",
    "name": "Kazakistan"
  },
  {
    "id": 111,
    "iso_code": "KE",
    "name": "Kenya"
  },
  {
    "id": 112,
    "iso_code": "KI",
    "name": "Kiribati"
  },
  {
    "id": 113,
    "iso_code": "CO",
    "name": "Kolombiya"
  },
  {
    "id": 114,
    "iso_code": "KM",
    "name": "Komorlar"
  },
  {
    "id": 115,
    "iso_code": "CG",
    "name": "Kongo - Brazavil"
  },
  {
    "id": 116,
    "iso_code": "CD",
    "name": "Kongo - Kinşasa"
  },
  {
    "id": 117,
    "iso_code": "CR",
    "name": "Kosta Rika"
  },
  {
    "id": 118,
    "iso_code": "KW",
    "name": "Kuveyt"
  },
  {
    "id": 119,
    "iso_code": "KP",
    "name": "Kuzey Kore"
  },
  {
    "id": 120,
    "iso_code": "MP",
    "name": "Kuzey Mariana Adaları"
  },
  {
    "id": 121,
    "iso_code": "KK",
    "name": "Kuzey Kıbrıs Türk Cumhuriyeti"
  },
  {
    "id": 122,
    "iso_code": "CU",
    "name": "Küba"
  },
  {
    "id": 123,
    "iso_code": "KG",
    "name": "Kırgızistan"
  },
  {
    "id": 124,
    "iso_code": "LA",
    "name": "Laos"
  },
  {
    "id": 125,
    "iso_code": "LS",
    "name": "Lesotho"
  },
  {
    "id": 126,
    "iso_code": "LV",
    "name": "Letonya"
  },
  {
    "id": 127,
    "iso_code": "LR",
    "name": "Liberya"
  },
  {
    "id": 128,
    "iso_code": "LY",
    "name": "Libya"
  },
  {
    "id": 129,
    "iso_code": "LI",
    "name": "Liechtenstein"
  },
  {
    "id": 130,
    "iso_code": "LT",
    "name": "Litvanya"
  },
  {
    "id": 131,
    "iso_code": "LB",
    "name": "Lübnan"
  },
  {
    "id": 132,
    "iso_code": "LU",
    "name": "Lüksemburg"
  },
  {
    "id": 133,
    "iso_code": "HU",
    "name": "Macaristan"
  },
  {
    "id": 134,
    "iso_code": "MG",
    "name": "Madagaskar"
  },
  {
    "id": 135,
    "iso_code": "MO",
    "name": "Makao S.A.R. Çin"
  },
  {
    "id": 136,
    "iso_code": "MK",
    "name": "Makedonya"
  },
  {
    "id": 137,
    "iso_code": "MW",
    "name": "Malavi"
  },
  {
    "id": 138,
    "iso_code": "MV",
    "name": "Maldivler"
  },
  {
    "id": 139,
    "iso_code": "MY",
    "name": "Malezya"
  },
  {
    "id": 140,
    "iso_code": "ML",
    "name": "Mali"
  },
  {
    "id": 141,
    "iso_code": "MT",
    "name": "Malta"
  },
  {
    "id": 142,
    "iso_code": "IM",
    "name": "Man Adası"
  },
  {
    "id": 143,
    "iso_code": "MH",
    "name": "Marshall Adaları"
  },
  {
    "id": 144,
    "iso_code": "MQ",
    "name": "Martinik"
  },
  {
    "id": 145,
    "iso_code": "MU",
    "name": "Mauritius"
  },
  {
    "id": 146,
    "iso_code": "YT",
    "name": "Mayotte"
  },
  {
    "id": 147,
    "iso_code": "MX",
    "name": "Meksika"
  },
  {
    "id": 148,
    "iso_code": "FM",
    "name": "Mikronezya Federal Eyaletleri"
  },
  {
    "id": 149,
    "iso_code": "MD",
    "name": "Moldova"
  },
  {
    "id": 150,
    "iso_code": "MC",
    "name": "Monako"
  },
  {
    "id": 151,
    "iso_code": "MS",
    "name": "Montserrat"
  },
  {
    "id": 152,
    "iso_code": "MR",
    "name": "Moritanya"
  },
  {
    "id": 153,
    "iso_code": "MZ",
    "name": "Mozambik"
  },
  {
    "id": 154,
    "iso_code": "MN",
    "name": "Moğolistan"
  },
  {
    "id": 155,
    "iso_code": "MM",
    "name": "Myanmar"
  },
  {
    "id": 156,
    "iso_code": "EG",
    "name": "Mısır"
  },
  {
    "id": 157,
    "iso_code": "NA",
    "name": "Namibya"
  },
  {
    "id": 158,
    "iso_code": "NR",
    "name": "Nauru"
  },
  {
    "id": 159,
    "iso_code": "NP",
    "name": "Nepal"
  },
  {
    "id": 160,
    "iso_code": "NE",
    "name": "Nijer"
  },
  {
    "id": 161,
    "iso_code": "NG",
    "name": "Nijerya"
  },
  {
    "id": 162,
    "iso_code": "NI",
    "name": "Nikaragua"
  },
  {
    "id": 163,
    "iso_code": "NU",
    "name": "Niue"
  },
  {
    "id": 164,
    "iso_code": "NF",
    "name": "Norfolk Adası"
  },
  {
    "id": 165,
    "iso_code": "NO",
    "name": "Norveç"
  },
  {
    "id": 166,
    "iso_code": "CF",
    "name": "Orta Afrika Cumhuriyeti"
  },
  {
    "id": 167,
    "iso_code": "PK",
    "name": "Pakistan"
  },
  {
    "id": 168,
    "iso_code": "PW",
    "name": "Palau"
  },
  {
    "id": 169,
    "iso_code": "PA",
    "name": "Panama"
  },
  {
    "id": 170,
    "iso_code": "PG",
    "name": "Papua Yeni Gine"
  },
  {
    "id": 171,
    "iso_code": "PY",
    "name": "Paraguay"
  },
  {
    "id": 172,
    "iso_code": "PE",
    "name": "Peru"
  },
  {
    "id": 173,
    "iso_code": "PN",
    "name": "Pitcairn"
  },
  {
    "id": 174,
    "iso_code": "PL",
    "name": "Polonya"
  },
  {
    "id": 175,
    "iso_code": "PT",
    "name": "Portekiz"
  },
  {
    "id": 176,
    "iso_code": "PR",
    "name": "Porto Riko"
  },
  {
    "id": 177,
    "iso_code": "RE",
    "name": "Reunion"
  },
  {
    "id": 178,
    "iso_code": "RO",
    "name": "Romanya"
  },
  {
    "id": 179,
    "iso_code": "RW",
    "name": "Ruanda"
  },
  {
    "id": 180,
    "iso_code": "RU",
    "name": "Rusya Federasyonu"
  },
  {
    "id": 181,
    "iso_code": "BL",
    "name": "Saint Barthelemy"
  },
  {
    "id": 182,
    "iso_code": "SH",
    "name": "Saint Helena"
  },
  {
    "id": 183,
    "iso_code": "KN",
    "name": "Saint Kitts ve Nevis"
  },
  {
    "id": 184,
    "iso_code": "LC",
    "name": "Saint Lucia"
  },
  {
    "id": 185,
    "iso_code": "MF",
    "name": "Saint Martin"
  },
  {
    "id": 186,
    "iso_code": "PM",
    "name": "Saint Pierre ve Miquelon"
  },
  {
    "id": 187,
    "iso_code": "VC",
    "name": "Saint Vincent ve Grenadinler"
  },
  {
    "id": 188,
    "iso_code": "WS",
    "name": "Samoa"
  },
  {
    "id": 189,
    "iso_code": "SM",
    "name": "San Marino"
  },
  {
    "id": 190,
    "iso_code": "ST",
    "name": "Sao Tome ve Principe"
  },
  {
    "id": 191,
    "iso_code": "SN",
    "name": "Senegal"
  },
  {
    "id": 192,
    "iso_code": "SC",
    "name": "Seyşel Adaları"
  },
  {
    "id": 193,
    "iso_code": "SL",
    "name": "Sierra Leone"
  },
  {
    "id": 194,
    "iso_code": "SG",
    "name": "Singapur"
  },
  {
    "id": 195,
    "iso_code": "SK",
    "name": "Slovakya"
  },
  {
    "id": 196,
    "iso_code": "SI",
    "name": "Slovenya"
  },
  {
    "id": 197,
    "iso_code": "SB",
    "name": "Solomon Adaları"
  },
  {
    "id": 198,
    "iso_code": "SO",
    "name": "Somali"
  },
  {
    "id": 199,
    "iso_code": "LK",
    "name": "Sri Lanka"
  },
  {
    "id": 200,
    "iso_code": "SD",
    "name": "Sudan"
  },
  {
    "id": 201,
    "iso_code": "SR",
    "name": "Surinam"
  },
  {
    "id": 202,
    "iso_code": "SY",
    "name": "Suriye"
  },
  {
    "id": 203,
    "iso_code": "SA",
    "name": "Suudi Arabistan"
  },
  {
    "id": 204,
    "iso_code": "SJ",
    "name": "Svalbard ve Jan Mayen"
  },
  {
    "id": 205,
    "iso_code": "SZ",
    "name": "Svaziland"
  },
  {
    "id": 206,
    "iso_code": "RS",
    "name": "Sırbistan"
  },
  {
    "id": 207,
    "iso_code": "CS",
    "name": "Sırbistan-Karadağ"
  },
  {
    "id": 208,
    "iso_code": "TJ",
    "name": "Tacikistan"
  },
  {
    "id": 209,
    "iso_code": "TZ",
    "name": "Tanzanya"
  },
  {
    "id": 210,
    "iso_code": "TH",
    "name": "Tayland"
  },
  {
    "id": 211,
    "iso_code": "TW",
    "name": "Tayvan"
  },
  {
    "id": 212,
    "iso_code": "TG",
    "name": "Togo"
  },
  {
    "id": 213,
    "iso_code": "TK",
    "name": "Tokelau"
  },
  {
    "id": 214,
    "iso_code": "TO",
    "name": "Tonga"
  },
  {
    "id": 215,
    "iso_code": "TT",
    "name": "Trinidad ve Tobago"
  },
  {
    "id": 216,
    "iso_code": "TN",
    "name": "Tunus"
  },
  {
    "id": 217,
    "iso_code": "TC",
    "name": "Turks ve Caicos Adaları"
  },
  {
    "id": 218,
    "iso_code": "TV",
    "name": "Tuvalu"
  },
  {
    "id": 219,
    "iso_code": "TM",
    "name": "Türkmenistan"
  },
  {
    "id": 220,
    "iso_code": "UG",
    "name": "Uganda"
  },
  {
    "id": 221,
    "iso_code": "UA",
    "name": "Ukrayna"
  },
  {
    "id": 222,
    "iso_code": "OM",
    "name": "Umman"
  },
  {
    "id": 223,
    "iso_code": "UY",
    "name": "Uruguay"
  },
  {
    "id": 224,
    "iso_code": "VU",
    "name": "Vanuatu"
  },
  {
    "id": 225,
    "iso_code": "VA",
    "name": "Vatikan"
  },
  {
    "id": 226,
    "iso_code": "VE",
    "name": "Venezuela"
  },
  {
    "id": 227,
    "iso_code": "VN",
    "name": "Vietnam"
  },
  {
    "id": 228,
    "iso_code": "WF",
    "name": "Wallis ve Futuna"
  },
  {
    "id": 229,
    "iso_code": "YE",
    "name": "Yemen"
  },
  {
    "id": 230,
    "iso_code": "NC",
    "name": "Yeni Kaledonya"
  },
  {
    "id": 231,
    "iso_code": "NZ",
    "name": "Yeni Zelanda"
  },
  {
    "id": 232,
    "iso_code": "GR",
    "name": "Yunanistan"
  },
  {
    "id": 233,
    "iso_code": "ZM",
    "name": "Zambiya"
  },
  {
    "id": 234,
    "iso_code": "ZW",
    "name": "Zimbabve"
  },
  {
    "id": 235,
    "iso_code": "TD",
    "name": "Çad"
  },
  {
    "id": 236,
    "iso_code": "CZ",
    "name": "Çek Cumhuriyeti"
  },
  {
    "id": 237,
    "iso_code": "CN",
    "name": "Çin"
  },
  {
    "id": 238,
    "iso_code": "UZ",
    "name": "Özbekistan"
  },
  {
    "id": 239,
    "iso_code": "JO",
    "name": "Ürdün"
  },
  {
    "id": 240,
    "iso_code": "VG",
    "name": "İngiliz Virgin Adaları"
  },
  {
    "id": 241,
    "iso_code": "IR",
    "name": "İran"
  },
  {
    "id": 242,
    "iso_code": "IE",
    "name": "İrlanda"
  },
  {
    "id": 243,
    "iso_code": "ES",
    "name": "İspanya"
  },
  {
    "id": 244,
    "iso_code": "IL",
    "name": "İsrail"
  },
  {
    "id": 245,
    "iso_code": "SE",
    "name": "İsveç"
  },
  {
    "id": 246,
    "iso_code": "CH",
    "name": "İsviçre"
  },
  {
    "id": 247,
    "iso_code": "IT",
    "name": "İtalya"
  },
  {
    "id": 248,
    "iso_code": "IS",
    "name": "İzlanda"
  },
  {
    "id": 249,
    "iso_code": "CL",
    "name": "Şili"
  }
]